Emplyee name,Due for promotion,Emplyee name,Will be retrenched,sev status,NAMES ELIGIBLE FOR SEVERANCE,
Adelaide L Harrop,1,Abbey Schindler,0,0,Adelaide L Harrop,0
Aiko Blossom,1,Abe J Macleod,0,0,Alexis Q Grose,
Alexis Q Grose,1,Abe Morales,0,0,America V Lobel,
Aliza X Sammons,1,Abe X Paro,0,0,Amiee Z Chaffins,
America V Lobel,1,Abram Q Keffer,0,0,Andrew Detweiler,
Amiee Z Chaffins,1,Abram S Manrique,0,0,Brendon E Mone,
Andrew Detweiler,1,Adalberto W Creek,1,0,Buck H Rancourt,
Brendon E Mone,1,Adam B Katzer,0,0,Candelaria Zajicek,
Buck H Rancourt,1,Adelaide L Harrop,1,1,Carlotta T Ryles,
Candelaria Zajicek,1,Adele M Burnam,0,0,Carmelia E Bergeron,
Carlotta T Ryles,1,Adelia Abbas,0,0,Christie Rodger,
Carmelia E Bergeron,1,Adelia U Villagomez,0,0,Deanna P Scoggin,
Carolin T Loya,1,Adell W Trower,0,0,Detra D Rymer,
Carolynn V Moynihan,1,Adella U Foushee,0,0,Devin Hales,
Cecily D Houser,1,Adelle E Brunner,0,0,Dulce E Grizzard,
Celine Baskin,1,Adria M Melendrez,0,0,Edmund Mcclung,
Christie Rodger,1,Adriana O Medved,0,0,Elsy B Latta,
Clemente S Wiechmann,1,Agnes Blow,0,0,Fernando S Korhonen,
Deanna P Scoggin,1,Agnes D Doud,0,0,Garnett Dryer,
Detra D Rymer,1,Ahmad V Lynde,0,0,Garrett S Nolette,
Devin Hales,1,Ahmed C Minch,0,0,Inocencia Z Buteau,
Dulce E Grizzard,1,Ahmed I Strope,0,0,Jamaal Z Resto,
Edmund Mcclung,1,Ahmed V Lease,0,0,Jamel Meaney,
Elsy B Latta,1,Aiko Blossom,0,1,Janie P Caswell,
Fernando S Korhonen,1,Aileen F Hiltz,0,0,Jayson S Carrol,
Garnett Dryer,1,Aileen Hiltz,0,0,Jolanda Dewees,
Garrett S Nolette,1,Akiko S Godby,0,0,Jon Arvizu,
Inocencia Z Buteau,1,Al Fegley,0,0,Jordan Phu,
Jamaal Z Resto,1,Alanna L Tyrell,0,0,Julius Q Stock,
Jamel Meaney,1,Albert Z Dunford,0,0,Keira Y Till,
Janie P Caswell,1,Alda F Penning,0,0,Ken X Weisberg,
Jayson S Carrol,1,Alden Cauley,0,0,Kenton Q Villalta,
Jeff E Lucero,1,Alden Y Cauley,0,0,Larry K Mash,
Jeneva Y Bybee,1,Alease Lander,0,0,Laurena P Caston,
Jerlene P Dunnigan,1,Alease Y Lander,0,0,Loren H Mckenzie,
Jolanda Dewees,1,Alec Mcnees,0,0,Maximina K Frates,
Jon Arvizu,1,Aleisha H Mathew,0,0,Narcisa C Rayburn,
Jon Behler,1,Alesia B Bear,0,0,Nettie T Mccandless,
Jordan Phu,1,Alexis C Amaral,0,0,Patria D Riedel,
Julius Q Stock,1,Alexis D Bonelli,0,0,Reinaldo G Castellanos,
Kaye Tubbs,1,Alexis Q Grose,1,1,Scott D Torrey,
Keira Y Till,1,Alfonzo Knupp,0,0,Stephan Q Ranger,
Ken X Weisberg,1,Alfred L Strausbaugh,0,0,Stewart Mazurek,
Kendrick C Burchette,1,Alina L Prowell,0,0,Susana H Hooks,
Kenton Q Villalta,1,Alise Baltzell,0,0,Taneka Q Church,
Kylie K Freda,1,Alise O Baltzell,0,0,Taylor Thill,
Larry K Mash,1,Alisha D Coppock,0,0,Therese Q Belden,
Laurena P Caston,1,Aliza X Sammons,0,1,Tiny Q Llanos,
Loren H Mckenzie,1,Allen L Vachon,0,0,Toney W Bollman,
Mack L Lykes,1,Allene T Lepe,0,0,Toya B Rawlins,
Mauricio I Streets,1,Alline V Kushner,0,0,Valene Z Woodmansee,
Maximina K Frates,1,Allyn O Farrior,1,0,Vaughn Garica,
Narcisa C Rayburn,1,Allyson I Ours,0,0,Vernell X Amado,
Nettie T Mccandless,1,Almeda M Dunford,0,0,Walton S Keim,
Patria D Riedel,1,Alonzo W Stanford,0,0,,
Reinaldo G Castellanos,1,Alphonso Laffoon,0,0,,
Renaldo K Cheatham,1,Alphonso U Laffoon,0,0,,
Scott D Torrey,1,Alysia Basil,0,0,,
Sheryll X Broadbent,1,Amada J Knouse,0,0,,
Stephan Q Ranger,1,Amado C Bonet,0,0,,
Stewart Mazurek,1,Amelia H Burbank,0,0,,
Susana H Hooks,1,America V Lobel,1,1,,
Taneka Q Church,1,Amiee Z Chaffins,1,1,,
Taylor Thill,1,Analisa X Birdsell,0,0,,
Therese Q Belden,1,Andre Q Maxon,0,0,,
Tiny Q Llanos,1,Andrea Rhymes,0,0,,
Toney W Bollman,1,Andreas L Kennard,0,0,,
Toya B Rawlins,1,Andreas T Viles,0,0,,
Valene Z Woodmansee,1,Andres P Towles,0,0,,
Vaughn Garica,1,Andres S Garner,0,0,,
Vernell X Amado,1,Andrew D Hersey,0,0,,
Walton S Keim,1,Andrew Detweiler,1,1,,
,,Andrew P Detweiler,0,0,,
,,Andria Z Reza,0,0,,
,,Angel F Palomino,0,0,,
,,Angel Ferebee,0,0,,
,,Angela P Lorenzen,0,0,,
,,Angelo B Fitzmaurice,0,0,,
,,Anibal F Pieper,0,0,,
,,Anisha Jasmin,0,0,,
,,Annabelle E Encinas,0,0,,
,,Annette Jolin,0,0,,
,,Antone Polston,0,0,,
,,Antone W Polston,0,0,,
,,Archie Blair,0,0,,
,,Arden B Fujita,0,0,,
,,Arlen F Maly,0,0,,
,,Arlen Joly,0,0,,
,,Arlen M Joly,0,0,,
,,Arlen Z Vanslyke,0,0,,
,,Armando H Seaborn,0,0,,
,,Armida Bridwell,0,0,,
,,Arnoldo D Mckeen,0,0,,
,,Aron Durante,0,0,,
,,Arron R Vegas,0,0,,
,,Arturo N Halvorsen,0,0,,
,,Asa E Kunze,1,0,,
,,Ashanti R Swim,0,0,,
,,Ashlie G Cadena,0,0,,
,,Asley F Mcewan,0,0,,
,,Astrid Marinelli,0,0,,
,,Astrid R Marinelli,0,0,,
,,Asuncion X Braunstein,0,0,,
,,Audrea B Prather,0,0,,
,,Audrea K Papineau,0,0,,
,,Audria W Barrios,0,0,,
,,Audrie X Mccammon,0,0,,
,,August C Navarette,1,0,,
,,August C Strother,0,0,,
,,August F Dones,0,0,,
,,Augusta G Kircher,0,0,,
,,Aundrea W Lundberg,0,0,,
,,Aurelio K Wyckoff,0,0,,
,,Austin Janney,0,0,,
,,Ayako Bachmann,0,0,,
,,Ayako L Bachmann,0,0,,
,,Barak Sali,0,0,,
,,Barrie Collman,0,0,,
,,Barrie E Collman,0,0,,
,,Bart B Gilcrease,0,0,,
,,Beatrice A Knopf,0,0,,
,,Beatrice Coen,0,0,,
,,Beatrice T Coen,0,0,,
,,Bell N Molinaro,1,0,,
,,Belva Fitzwater,0,0,,
,,Ben Gigliotti,0,0,,
,,Ben Lagrange,0,0,,
,,Ben N Lamson,0,0,,
,,Ben U Gigliotti,0,0,,
,,Benedict B Wix,0,0,,
,,Benedict U Daye,0,0,,
,,Bennie E Manfredi,1,0,,
,,Benny S Brinker,1,0,,
,,Berna Z Stoller,0,0,,
,,Bernard A Harbert,0,0,,
,,Bernard Harbert,0,0,,
,,Bernard N Weatherly,0,0,,
,,Bernarda E Gervais,0,0,,
,,Bernardina X Roesch,0,0,,
,,Bernardo I Garzon,0,0,,
,,Bernardo X Barbee,0,0,,
,,Bernie M Kish,1,0,,
,,Bert Q Lauritzen,0,0,,
,,Bert S Kinkade,0,0,,
,,Bertha E Harbison,0,0,,
,,Beryl Helsel,0,0,,
,,Bethann Marini,0,0,,
,,Bill Tarkington,0,0,,
,,Billie Liang,0,0,,
,,Birdie Savoy,0,0,,
,,Blanch Y Mysliwiec,0,0,,
,,Bo E Curlee,0,0,,
,,Bobbie P Chumley,0,0,,
,,Bobbie Q Holbrook,0,0,,
,,Bobbie S Miner,0,0,,
,,Bobbie X Schoenrock,0,0,,
,,Bong M Alvares,0,0,,
,,Bonny Poor,0,0,,
,,Bonny S Poor,0,0,,
,,Boris A Mccown,0,0,,
,,Brad I Pattison,0,0,,
,,Bradford K Marlatt,0,0,,
,,Brande Sevier,0,0,,
,,Brendon E Mone,1,1,,
,,Brendon J Camp,0,0,,
,,Brendon V Crowther,0,0,,
,,Brent U Perlman,0,0,,
,,Brenton U Boyett,0,0,,
,,Bret C Delancey,0,0,,
,,Brett Z Vadnais,0,0,,
,,Bridget D Spadaro,1,0,,
,,Bridget Rake,0,0,,
,,Brigitte D Fendley,0,0,,
,,Britt P Shivers,0,0,,
,,Britt Shivers,0,0,,
,,Bruna R Welke,0,0,,
,,Bryan J Stampley,0,0,,
,,Bryan V Guyton,0,0,,
,,Bryanna Pyron,0,0,,
,,Bryant L Kinsman,0,0,,
,,Bryce B Edens,0,0,,
,,Buck H Rancourt,1,1,,
,,Buck Rancourt,0,0,,
,,Bud Kistner,0,0,,
,,Bud L Lofgren,0,0,,
,,Bud Lofgren,0,0,,
,,Buddy G Steinbeck,0,0,,
,,Buddy W Lofgren,0,0,,
,,Buford Q Giancola,0,0,,
,,Bula Reich,0,0,,
,,Burton C Jin,0,0,,
,,Caleb Luther,0,0,,
,,Cameron A Chamberland,1,0,,
,,Cameron Chamberland,0,0,,
,,Cameron K Gratton,0,0,,
,,Candelaria Q Zajicek,1,0,,
,,Candelaria Zajicek,1,1,,
,,Carey J Sandlin,0,0,,
,,Carey N Mccready,0,0,,
,,Carl M Paddock,0,0,,
,,Carlo B Ali,0,0,,
,,Carlos Banh,0,0,,
,,Carlotta T Ryles,1,1,,
,,Carlton P Bose,0,0,,
,,Carlton P Mahurin,0,0,,
,,Carly L Sirianni,0,0,,
,,Carmelia E Bergeron,1,1,,
,,Carmelia R Lattimer,0,0,,
,,Carmen F Barret,0,0,,
,,Carmen U Benbow,0,0,,
,,Carmon A Howlett,0,0,,
,,Carolin T Loya,0,1,,
,,Carolina B Pasillas,0,0,,
,,Carolynn V Moynihan,0,1,,
,,Carrol Arend,0,0,,
,,Carrol O Arend,0,0,,
,,Carter B Hilderbrand,0,0,,
,,Carter C Hunt,0,0,,
,,Casey D Krier,0,0,,
,,Cassaundra K Polito,0,0,,
,,Cayla Mealy,0,0,,
,,Cecil Teixeira,0,0,,
,,Cecily D Houser,0,1,,
,,Cedric N Cavallo,1,0,,
,,Cedrick Engelhardt,0,0,,
,,Cedrick K Engelhardt,0,0,,
,,Cedrick M Cordle,0,0,,
,,Celesta L Reeser,0,0,,
,,Celestine H Alderson,0,0,,
,,Celinda C Magruder,0,0,,
,,Celine Baskin,0,1,,
,,Chadwick I Hargreaves,0,0,,
,,Charity N Denman,0,0,,
,,Charles S Nicholes,0,0,,
,,Charlie Moxley,0,0,,
,,Charlie V Koeller,0,0,,
,,Chase J Paradise,0,0,,
,,Chase Paradise,0,0,,
,,Chase T Scurry,0,0,,
,,Chau R Barron,0,0,,
,,Chauncey Southerland,0,0,,
,,Chaya W Caudle,0,0,,
,,Chere Patchett,0,0,,
,,Cheree Lusk,0,0,,
,,Chester N Sitz,0,0,,
,,Chi S Clopton,0,0,,
,,Ching D Applegate,0,0,,
,,Chris Braggs,0,0,,
,,Chrissy H Edmonson,0,0,,
,,Christena Kratz,0,0,,
,,Christene Blakemore,0,0,,
,,Christene F Blakemore,1,0,,
,,Christene L Mccaleb,0,0,,
,,Christi H Amaker,0,0,,
,,Christie Rodger,1,1,,
,,Christoper K Manzano,0,0,,
,,Chung J Moynihan,0,0,,
,,Cicely W Colton,0,0,,
,,Cindie T Madden,0,0,,
,,Clara B Sifuentes,0,0,,
,,Clarence Hinkson,0,0,,
,,Clarence J Hinkson,0,0,,
,,Claretta D Wingert,0,0,,
,,Clark Spence,0,0,,
,,Claudio Q Bien,0,0,,
,,Clemente S Wiechmann,0,1,,
,,Clemmie F Montague,0,0,,
,,Cleveland A Zinke,0,0,,
,,Cleveland Franko,0,0,,
,,Cleveland W Franko,0,0,,
,,Cliff Skipworth,1,0,,
,,Clint Q Orear,0,0,,
,,Clint Q Strayhorn,0,0,,
,,Clint Strayhorn,0,0,,
,,Clinton Tschida,0,0,,
,,Clotilde Mason,0,0,,
,,Clotilde X Mason,0,0,,
,,Clyde P Ponton,0,0,,
,,Cole Dellinger,0,0,,
,,Cole M Dellinger,0,0,,
,,Cole N Poling,1,0,,
,,Colin V Likens,0,0,,
,,Colleen B Lenihan,0,0,,
,,Colton B Salzman,0,0,,
,,Colton Salzman,0,0,,
,,Conrad R Saito,0,0,,
,,Conrad Saito,0,0,,
,,Cordell M Tweedy,0,0,,
,,Cordell Riche,0,0,,
,,Cordia M Knopp,0,0,,
,,Corey F Stowe,0,0,,
,,Corina U Korhonen,0,0,,
,,Cortez F Espiritu,0,0,,
,,Coy I Gentner,0,0,,
,,Cristal Q Kucharski,0,0,,
,,Cristi T Clem,0,0,,
,,Crystal Comes,0,0,,
,,Crystal U Comes,0,0,,
,,Curtis E Quayle,0,0,,
,,Cyndy Ary,0,0,,
,,Cyndy H Ary,0,0,,
,,Cythia I Stecker,0,0,,
,,Daina U Ledet,0,0,,
,,Dale Childers,0,0,,
,,Dale E Childers,0,0,,
,,Damian F Mcgaughey,0,0,,
,,Damian X Grist,0,0,,
,,Damien A Izquierdo,0,0,,
,,Dane Lawrence,0,0,,
,,Danette A Kuykendall,0,0,,
,,Daniel L Nava,0,0,,
,,Danilo Hammes,0,0,,
,,Danilo S Hammes,0,0,,
,,Darcel P Burford,0,0,,
,,Darin Keitt,0,0,,
,,Darin U Shipp,0,0,,
,,Darren U Shoulders,0,0,,
,,Darron Tittle,0,0,,
,,Darwin W Lemoine,0,0,,
,,Davida A Funkhouser,0,0,,
,,Davis Z Gaylor,0,0,,
,,Dawna T Woodbury,0,0,,
,,Dawne Y Gardner,0,0,,
,,Dayna M Edmondson,0,0,,
,,Deandre U Groleau,0,0,,
,,Deane I Keown,0,0,,
,,Deanna P Scoggin,1,1,,
,,Debbie C Lipsey,0,0,,
,,Debrah X Flury,0,0,,
,,Dee Joslyn,1,0,,
,,Deeanna E Cluck,0,0,,
,,Delana I Selfridge,0,0,,
,,Delana Y Freedman,0,0,,
,,Delfina O Day,0,0,,
,,Delphine P Carpio,0,0,,
,,Delsie R Tennison,0,0,,
,,Demarcus Recio,0,0,,
,,Denis T Yelle,0,0,,
,,Denis Y Fehr,0,0,,
,,Dennis K Cayer,0,0,,
,,Deon U Mounce,0,0,,
,,Derick A Macey,0,0,,
,,Derrick Culbreth,0,0,,
,,Deshawn O Mankin,0,0,,
,,Desirae D Ginn,0,0,,
,,Desirae Ginn,0,0,,
,,Desiree L Sobel,0,0,,
,,Detra D Rymer,1,1,,
,,Devin Hales,1,1,,
,,Devin U Hales,0,0,,
,,Dewayne X Groom,0,0,,
,,Dian I Peachey,0,0,,
,,Digna Q Eck,1,0,,
,,Dion K Taylor,0,0,,
,,Dion Taylor,0,0,,
,,Don Southwick,0,0,,
,,Donald H Mazur,0,0,,
,,Donald P Phaneuf,0,0,,
,,Dong B Sturdevant,0,0,,
,,Dong Sturdevant,0,0,,
,,Donna R Woodrum,0,0,,
,,Donnell Babbitt,0,0,,
,,Donte H Granger,0,0,,
,,Donya G Rodden,0,0,,
,,Dorethea U Engram,0,0,,
,,Doria Z Crouse,0,0,,
,,Dorla G Westberry,0,0,,
,,Dorothea J Canterbury,0,0,,
,,Dorothy Gard,0,0,,
,,Dorothy Q Gard,0,0,,
,,Dortha Z Harty,0,0,,
,,Dottie D Hagaman,0,0,,
,,Dottie Hagaman,0,0,,
,,Doug B Southwick,0,0,,
,,Douglas Cull,0,0,,
,,Dovie F Larue,0,0,,
,,Dovie Nickerson,0,0,,
,,Dovie U Nickerson,0,0,,
,,Doyle Grindstaff,0,0,,
,,Doyle N Utter,0,0,,
,,Doyle T Grindstaff,0,0,,
,,Doyle Utter,1,0,,
,,Drucilla Simkins,0,0,,
,,Dudley G Slocum,0,0,,
,,Dudley Slocum,0,0,,
,,Dulce E Grizzard,1,1,,
,,Dulce Grizzard,0,0,,
,,Duncan O Maheu,0,0,,
,,Dustin Y Espey,0,0,,
,,Dusty L Kugler,0,0,,
,,Dwain O Upham,0,0,,
,,Dwain Upham,0,0,,
,,Dwayne Marker,0,0,,
,,Dwayne W Marker,0,0,,
,,Earlean Funke,0,0,,
,,Earlean Y Funke,0,0,,
,,Earnest H Birkholz,0,0,,
,,Eartha Z Oceguera,0,0,,
,,Ed Shockley,0,0,,
,,Ed X Shockley,0,0,,
,,Eda O Brase,0,0,,
,,Edgar Teer,0,0,,
,,Edmund K Masuda,0,0,,
,,Edmund Mcclung,1,1,,
,,Edmundo R Rew,0,0,,
,,Edra M Guthrie,0,0,,
,,Effie Jelinek,0,0,,
,,Efrain L Wass,0,0,,
,,Efrain Moats,0,0,,
,,Efren G Ager,0,0,,
,,Ela K Hames,1,0,,
,,Eladia A Braggs,0,0,,
,,Elaine B Randazzo,0,0,,
,,Eldridge B Bose,1,0,,
,,Eldridge Bose,0,0,,
,,Eldridge M Benningfield,0,0,,
,,Eleanor D Dickson,0,0,,
,,Eleanora Farthing,0,0,,
,,Elease H Burger,0,0,,
,,Elenor B Gibbs,0,0,,
,,Elenora S Whitehill,0,0,,
,,Elenora V Halley,0,0,,
,,Eleonora Pollard,0,0,,
,,Eleonora S Pollard,0,0,,
,,Elias Pinkard,0,0,,
,,Elias Y Pinkard,0,0,,
,,Elijah P Elkin,0,0,,
,,Elijah X Ahmad,0,0,,
,,Eliz R Linneman,0,0,,
,,Elliott Chess,0,0,,
,,Ellis J Mccune,0,0,,
,,Ellis V Mcneel,0,0,,
,,Elmo G Pagano,0,0,,
,,Elois Z Ono,0,0,,
,,Eloise Demoss,0,0,,
,,Eloise Z Demoss,0,0,,
,,Elroy Kimbler,0,0,,
,,Elroy L Shorts,0,0,,
,,Elroy N Kimbler,0,0,,
,,Elsie S Depaz,0,0,,
,,Elsy B Latta,1,1,,
,,Elsy Beyer,0,0,,
,,Elvis J Stroh,1,0,,
,,Elvis Stroh,0,0,,
,,Elvis Veiga,1,0,,
,,Elwood T More,0,0,,
,,Emeline I Richer,0,0,,
,,Emery P Sorrells,0,0,,
,,Emiko Z Lolley,0,0,,
,,Emile Aponte,0,0,,
,,Emma Dice,0,0,,
,,Emma Monti,0,0,,
,,Emma X Monti,0,0,,
,,Emmanuel G Chamorro,0,0,,
,,Emmitt X Plante,0,0,,
,,Employees,0,0,,
,,Ena Mullins,0,0,,
,,Ena Thor,0,0,,
,,Enda Kirchner,0,0,,
,,Eric C Irvine,0,0,,
,,Erica S Harlan,0,0,,
,,Erik W Steffen,0,0,,
,,Erin K Stclair,0,0,,
,,Erin L Jasmin,0,0,,
,,Ernestine E Fludd,0,0,,
,,Ernestine Fludd,0,0,,
,,Esmeralda N Veliz,0,0,,
,,Estella E Miley,0,0,,
,,Etsuko O Wilmot,0,0,,
,,Ettie S Stilwell,0,0,,
,,Eveline B Strecker,0,0,,
,,Evon Q Lawson,0,0,,
,,Ewa B Staples,0,0,,
,,Exie C Bradham,0,0,,
,,Ezequiel N Shell,0,0,,
,,Ezra Calvert,0,0,,
,,Fabian Say,0,0,,
,,Faustino Scheffel,0,0,,
,,Fawn Buckman,0,0,,
,,Fe A Schrock,0,0,,
,,Federico B Edmond,0,0,,
,,Federico Edmond,0,0,,
,,Federico I Carlile,0,0,,
,,Felisha Q Ettinger,0,0,,
,,Felix S Croker,0,0,,
,,Femi Grek,0,0,,
,,Ferdinand Ramsdell,0,0,,
,,Fermin L Zapata,0,0,,
,,Fernando Korhonen,0,0,,
,,Fernando S Korhonen,1,1,,
,,Forest Z Blewett,0,0,,
,,Forest Z Hacker,0,0,,
,,Forrest Q Zell,0,0,,
,,Francis O Encarnacion,0,0,,
,,Frank O Mallon,0,0,,
,,Frankie I Speed,0,0,,
,,Franklyn V Hummell,0,0,,
,,Freddie C Headen,0,0,,
,,Freddy A Rolling,0,0,,
,,Freddy Rolling,0,0,,
,,Fredericka J Varney,0,0,,
,,Gabriel E Pearsall,1,0,,
,,Gabriel S Beale,0,0,,
,,Galina G Woodbury,0,0,,
,,Garland J Verville,0,0,,
,,Garland Z Leavell,0,0,,
,,Garnett Dryer,1,1,,
,,Garret Flakes,0,0,,
,,Garrett Nolette,1,0,,
,,Garrett S Nolette,1,1,,
,,Gavin V Mckillip,0,0,,
,,Gearldine Stolte,0,0,,
,,Gema S Grover,0,0,,
,,Gemma I Chilton,0,0,,
,,Genaro Lukasik,0,0,,
,,George U Clouser,0,0,,
,,Georgiann C Harrell,0,0,,
,,Georgiann Harrell,0,0,,
,,Gerardo Q Bergen,0,0,,
,,Geri M Tuthill,0,0,,
,,Gerry D Woolery,0,0,,
,,Gerry Harvey,0,0,,
,,Gerry X Koh,0,0,,
,,Gertrud B Glidden,0,0,,
,,Gertrud Glidden,0,0,,
,,Gia M Casas,0,0,,
,,Gidget X Loring,0,0,,
,,Gilbert M Wolfgram,0,0,,
,,Gilbert Z Bloss,0,0,,
,,Gilberto U Greaves,0,0,,
,,Giovanna M Clift,0,0,,
,,Giuseppe D Chouinard,0,0,,
,,Giuseppina Dagostino,0,0,,
,,Giuseppina E Fink,0,0,,
,,Giuseppina N Dagostino,0,0,,
,,Glady Q Kump,0,0,,
,,Glenn N Vinyard,0,0,,
,,Glenn Vinyard,0,0,,
,,Gracie P Lett,0,0,,
,,Grady Y Perera,0,0,,
,,Graham O Romeo,0,0,,
,,Gregorio H Hottinger,0,0,,
,,Gregory I Kidwell,0,0,,
,,Grisel R Whitty,1,0,,
,,Grisel Sutton,0,0,,
,,Grover Mcgahey,0,0,,
,,Guillermo X Schwan,0,0,,
,,Gustavo F Rouse,0,0,,
,,Guy S Troy,0,0,,
,,Gwyn E Etzel,0,0,,
,,Gwyn Etzel,0,0,,
,,Gwyn I Parish,0,0,,
,,Gwyn N Mitzel,0,0,,
,,Hai Y Arden,0,0,,
,,Hal K Kells,0,0,,
,,Hal Kells,0,0,,
,,Haley G Bova,0,0,,
,,Hannah K Ma,0,0,,
,,Hans G Koh,0,0,,
,,Harland S Renshaw,1,0,,
,,Harriett A Mccurry,0,0,,
,,Hassan Radabaugh,0,0,,
,,Hayden E Novack,0,0,,
,,Hayden J Jang,0,0,,
,,Heath Aikin,0,0,,
,,Heath Fell,0,0,,
,,Heath K Fell,0,0,,
,,Herb B Irving,0,0,,
,,Heriberto Rollo,0,0,,
,,Heriberto Starkey,0,0,,
,,Heriberto Y Starkey,0,0,,
,,Herlinda U Negron,0,0,,
,,Hermila X Crosslin,0,0,,
,,Hester B Cabana,0,0,,
,,Hettie S Lauber,0,0,,
,,Hiram K Stokely,0,0,,
,,Holley M Cathcart,0,0,,
,,Holli G Ethridge,0,0,,
,,Hollis Z Carr,0,0,,
,,Homer Hollowell,0,0,,
,,Honey D Eaves,1,0,,
,,Hong M Townson,1,0,,
,,Horace Hobart,0,0,,
,,Horacio S Salazar,0,0,,
,,Hosea B Michelson,0,0,,
,,Houston K Joe,0,0,,
,,Hoyt O Reiss,0,0,,
,,Hubert L Kirkland,0,0,,
,,Hugh N Chavira,0,0,,
,,Hui Bizzell,0,0,,
,,Hui E Bizzell,0,0,,
,,Hung H Nicola,0,0,,
,,Hyun M Gloss,0,0,,
,,Hyun Z Bynoe,0,0,,
,,Iliana Fogle,0,0,,
,,Iliana M Fogle,0,0,,
,,Ilse X Harr,0,0,,
,,Ingeborg Z Weisser,0,0,,
,,Inger Gillan,0,0,,
,,Inocencia Z Buteau,1,1,,
,,Irene Ellerbee,0,0,,
,,Irving C Pillar,0,0,,
,,Irwin River,0,0,,
,,Isaac O Dempster,0,0,,
,,Isaac Tsan,0,0,,
,,Isabella X Russell,0,0,,
,,Isaiah G Parrish,0,0,,
,,Isaiah Y Magwood,0,0,,
,,Isiah S Coppock,0,0,,
,,Isiah Wilkie,0,0,,
,,Isis F Hash,0,0,,
,,Isis N Rufus,0,0,,
,,Isobel K Dance,0,0,,
,,Israel T Hertzler,0,0,,
,,Isreal F Metoyer,0,0,,
,,Isreal Metoyer,0,0,,
,,Ivan A Groner,0,0,,
,,Izetta B Alford,0,0,,
,,Izola E Ye,0,0,,
,,Jacinda X Michalec,0,0,,
,,Jacinta Y Cheney,0,0,,
,,Jack J Warfel,0,0,,
,,Jack Partin,0,0,,
,,Jackie P Montague,0,0,,
,,Jackie Sachs,0,0,,
,,Jae B Isabell,0,0,,
,,Jaleesa I Averett,0,0,,
,,Jamaal Resto,0,0,,
,,Jamaal Z Resto,1,1,,
,,Jamal G Dimarco,0,0,,
,,Jamel Meaney,1,1,,
,,Jamey S Seim,0,0,,
,,Jamison Crutchfield,0,0,,
,,Jamison U Crutchfield,0,0,,
,,Janean A Tyler,0,0,,
,,Janessa M Drennen,0,0,,
,,Janie P Caswell,1,1,,
,,Jaquelyn C Holzman,0,0,,
,,Jarred C Class,0,0,,
,,Jarred Class,0,0,,
,,Jason V Gravois,0,0,,
,,Jasper P Barnaby,0,0,,
,,Jayme B Shimer,0,0,,
,,Jayson S Carrol,1,1,,
,,Jazmin Wheless,0,0,,
,,Jc Meyers,0,0,,
,,Jc S Meyers,0,0,,
,,Jeanetta N Norden,0,0,,
,,Jeanna U Li,0,0,,
,,Jeff E Lucero,0,1,,
,,Jeff Mallon,0,0,,
,,Jeff W Zacarias,0,0,,
,,Jefferey Folkerts,0,0,,
,,Jefferson N Thurman,0,0,,
,,Jeffery A Brafford,0,0,,
,,Jeffrey Berg,0,0,,
,,Jenell S Sauers,0,0,,
,,Jeneva Y Bybee,0,1,,
,,Jennefer Ours,0,0,,
,,Jenni Olguin,1,0,,
,,Jennifer Z Pridgen,0,0,,
,,Jeramy F Metoyer,0,0,,
,,Jeramy T Londono,0,0,,
,,Jeremiah Harriss,0,0,,
,,Jeremiah N Curran,0,0,,
,,Jeremy Belew,0,0,,
,,Jerlene P Dunnigan,0,1,,
,,Jerome P Whitefield,0,0,,
,,Jerome Spangler,0,0,,
,,Jerome Whitefield,0,0,,
,,Jerrell Mcfarlin,0,0,,
,,Jerri Dunkle,0,0,,
,,Jesus E Mclelland,0,0,,
,,Jesus H Guillen,0,0,,
,,Jesus Tafolla,0,0,,
,,Jewel R Willhite,0,0,,
,,Jillian Harry,0,0,,
,,Jim J Lurie,0,0,,
,,Jimmie A Rorie,0,0,,
,,Jimmie Esqueda,0,0,,
,,Jimmie F Vasquez,0,0,,
,,Jimmy Canaday,0,0,,
,,Joanie N Folkerts,0,0,,
,,Joanna Deforest,0,0,,
,,Joanna H Deforest,0,0,,
,,Joanna M Sandefur,0,0,,
,,Joannie E Wolters,0,0,,
,,Joaquin Vaz,0,0,,
,,Jocelyn Q Scotti,1,0,,
,,Jody K Rude,1,0,,
,,Jody Slavens,0,0,,
,,Joel S Maine,0,0,,
,,Joesph Y Shrout,0,0,,
,,Johnie Centers,0,0,,
,,Johnie V Centers,0,0,,
,,Jolanda Dewees,1,1,,
,,Jolanda L Dewees,0,0,,
,,Joleen H Chea,0,0,,
,,Joline Frisby,0,0,,
,,Jon Arvizu,1,1,,
,,Jon Behler,0,1,,
,,Jong Borchers,0,0,,
,,Jong U Borchers,0,0,,
,,Jordan D Phu,0,0,,
,,Jordan Phu,1,1,,
,,Jorge R Coghlan,0,0,,
,,Jose P Tubbs,0,0,,
,,Josette Betancourt,0,0,,
,,Josette R Betancourt,0,0,,
,,Josiah R Gutierres,0,0,,
,,Josie Hofman,0,0,,
,,Judith D Gourdine,0,0,,
,,Judith Gourdine,0,0,,
,,Judson Y Hodson,0,0,,
,,Jules Shugart,0,0,,
,,Julio Bryce,0,0,,
,,Julio Dockery,0,0,,
,,Julio P Bryce,0,0,,
,,Julio P Dockery,0,0,,
,,Julius N Bakker,0,0,,
,,Julius Q Stock,1,1,,
,,Junita Huhn,0,0,,
,,Junita Y Huhn,0,0,,
,,Kaci Whitacre,0,0,,
,,Kacy Cairns,0,0,,
,,Kali Kennamer,0,0,,
,,Kandis Owenby,0,0,,
,,Karie Renninger,0,0,,
,,Karima Metivier,0,0,,
,,Karisa B Glidewell,0,0,,
,,Karisa Glidewell,0,0,,
,,Karl O Langlinais,0,0,,
,,Karlene L Mckean,0,0,,
,,Kasi Blakeslee,0,0,,
,,Kassie Akers,0,0,,
,,Kassie Q Binder,1,0,,
,,Kate O Paull,0,0,,
,,Katelin F Coney,0,0,,
,,Katheryn Holtzclaw,0,0,,
,,Katia Foran,0,0,,
,,Katie N Kinnison,1,0,,
,,Kaye Tubbs,0,1,,
,,Keenan W Spruell,0,0,,
,,Keila A Lucas,1,0,,
,,Keila F Lofland,0,0,,
,,Keira Till,0,0,,
,,Keira Y Till,1,1,,
,,Keith B Macha,0,0,,
,,Keith E Moyes,0,0,,
,,Keith Q Ofarrell,0,0,,
,,Keitha Foran,0,0,,
,,Kellee L Gravelle,0,0,,
,,Ken X Weisberg,1,1,,
,,Kendrick Burchette,0,0,,
,,Kendrick C Burchette,0,1,,
,,Kenneth Lucius,0,0,,
,,Kenton Q Villalta,1,1,,
,,Kenton Villalta,0,0,,
,,Kermit L Mcphail,0,0,,
,,Kermit Mcphail,0,0,,
,,Kerri Y Card,0,0,,
,,Keven A Jewell,0,0,,
,,Keven Bingham,0,0,,
,,Keven F Bingham,0,0,,
,,Keven H Araiza,0,0,,
,,Khalilah A Campo,0,0,,
,,Kiara G Abrahamson,0,0,,
,,Kiara T Martinez,0,0,,
,,Kieth D Castelli,0,0,,
,,Kieth G Coney,0,0,,
,,Kimberlee J Hawkins,1,0,,
,,Kimberly Duquette,0,0,,
,,Kimberly K Carr,0,0,,
,,Kindra V Cruickshank,0,0,,
,,Kirby W Estrella,0,0,,
,,Kirstie Macey,0,0,,
,,Kirstie W Macey,0,0,,
,,Kitty S Sickles,0,0,,
,,Kizzy W Brazelton,0,0,,
,,Korey I Garrity,0,0,,
,,Korey U Eddington,0,0,,
,,Kori J Fairfax,0,0,,
,,Kraig P Brownfield,0,0,,
,,Kris Bice,0,0,,
,,Kris L Bice,0,0,,
,,Krishna G Raby,0,0,,
,,Krissy S Valazquez,0,0,,
,,Kristal F Bickford,0,0,,
,,Kristen A Beauchemin,0,0,,
,,Kristie E Jain,0,0,,
,,Kristle D Figgs,0,0,,
,,Kristofer N Calahan,0,0,,
,,Kristofer Y Fizer,0,0,,
,,Kristopher Alejos,1,0,,
,,Kurtis C Irons,0,0,,
,,Kylie K Freda,0,1,,
,,Lacy Deshotel,0,0,,
,,Lacy Q Deshotel,0,0,,
,,Lakenya Z Mccroskey,0,0,,
,,Lala C Marquez,0,0,,
,,Lala R Denman,0,0,,
,,Lamar A Partida,0,0,,
,,Lamar L Legg,0,0,,
,,Lamar W Estill,1,0,,
,,Lamont J Brescia,0,0,,
,,Lance Pennington,0,0,,
,,Lanelle W Berlanga,0,0,,
,,Larisa Still,1,0,,
,,Larisa X Strauss,0,0,,
,,Larry K Mash,1,1,,
,,Larry Osby,0,0,,
,,Lashaunda Y Munden,0,0,,
,,Latanya C Law,0,0,,
,,Latia Gleaton,1,0,,
,,Latrice Kirch,0,0,,
,,Launa N Kohl,1,0,,
,,Lauren O Guzzi,0,0,,
,,Lauren R Hennessy,0,0,,
,,Laurena P Caston,1,1,,
,,Laurence K Ryles,0,0,,
,,Laurinda Dinh,0,0,,
,,Lavada Maldanado,0,0,,
,,Lavada W Maldanado,0,0,,
,,Lavette P Cheney,0,0,,
,,Lawerence W Abernethy,0,0,,
,,Leanna X Tibbetts,0,0,,
,,Leda X Haskell,0,0,,
,,Leda Y Fabre,0,0,,
,,Leif Harness,0,0,,
,,Leif Y Harness,0,0,,
,,Leigh Y Haws,0,0,,
,,Leland C Fifield,0,0,,
,,Leland David,0,0,,
,,Lemuel V Darden,0,0,,
,,Lemuel W Hardman,0,0,,
,,Lenny U Rister,1,0,,
,,Leonel S Yuan,0,0,,
,,Leonia Y Derosier,0,0,,
,,Leonore Reason,0,0,,
,,Leopoldo U Hole,0,0,,
,,Leroy H Styron,0,0,,
,,Les Priolo,0,0,,
,,Les V Bejarano,0,0,,
,,Les V Gran,0,0,,
,,Lesha K Cai,0,0,,
,,Lesley Macpherson,0,0,,
,,Leslie I Stolte,0,0,,
,,Leslie Stolte,0,0,,
,,Lester Coldiron,0,0,,
,,Letha L Apel,0,0,,
,,Leticia V Lewandowski,0,0,,
,,Lewis M Racette,0,0,,
,,Lezlie Z Bohannan,0,0,,
,,Lia J Liner,0,0,,
,,Lia Liner,0,0,,
,,Liana T Quesenberry,0,0,,
,,Liane U Grafton,0,0,,
,,Lianne M Sweeney,0,0,,
,,Lianne Sweeney,0,0,,
,,Liberty A Shroyer,0,0,,
,,Lidia Kuiper,0,0,,
,,Lidia S Gerling,0,0,,
,,Ligia Hoeft,0,0,,
,,Lilli Tartt,0,0,,
,,Lincoln D Cauley,0,0,,
,,Lincoln D Demaria,0,0,,
,,Lincoln Demaria,0,0,,
,,Lindsey W Whittle,0,0,,
,,Lindy M Reel,0,0,,
,,Linette Q Menard,0,0,,
,,Linh U Ashton,0,0,,
,,Linn Plummer,0,0,,
,,Lino M Lizarraga,0,0,,
,,Linsey P Orsini,0,0,,
,,Linwood H Carter,0,0,,
,,Linwood J Franqui,0,0,,
,,Lisa C Sheridan,0,0,,
,,Lisette F Cowley,0,0,,
,,Liz R Lomonaco,0,0,,
,,Lizzette G Moyle,0,0,,
,,Lizzette Moyle,0,0,,
,,Lizzie D Ratcliff,0,0,,
,,Logan D Berryman,0,0,,
,,Lois Cozad,0,0,,
,,Lona T Collar,0,0,,
,,Londa Petrey,0,0,,
,,Londa T Maya,0,0,,
,,Loraine Barnes,0,0,,
,,Loralee V Ball,0,0,,
,,Loren H Mckenzie,1,1,,
,,Loren I Casady,0,0,,
,,Loren Isaac,0,0,,
,,Lorette Y Petrillo,0,0,,
,,Lorri Garney,0,0,,
,,Lorriane P Ho,1,0,,
,,Lottie Bonin,0,0,,
,,Lottie G Bonin,0,0,,
,,Lou Baine,0,0,,
,,Louann X Sakamoto,0,0,,
,,Love G Lent,0,0,,
,,Lowell Demmer,0,0,,
,,Lucas Funes,0,0,,
,,Lucas P Funes,0,0,,
,,Luciana N Campfield,0,0,,
,,Lucienne U Clyne,0,0,,
,,Lucinda Z Borton,0,0,,
,,Lucius C Moorhead,0,0,,
,,Lucy Reiser,0,0,,
,,Luella W Kemmerer,0,0,,
,,Luigi G Lembo,0,0,,
,,Luke S Tumlin,0,0,,
,,Lyla Donald,0,0,,
,,Lyla Q Donald,0,0,,
,,Lyn Q Tso,0,0,,
,,Lyn Tso,1,0,,
,,Lyndon Dunkley,0,0,,
,,Lynn M Blocher,0,0,,
,,Lynwood Durfee,0,0,,
,,Lynwood Q Durfee,0,0,,
,,Mac Lineberry,0,0,,
,,Mac U Palmquist,0,0,,
,,Mac V Lineberry,0,0,,
,,Mack L Lykes,0,1,,
,,Madalene J Martine,0,0,,
,,Madelyn W Boos,0,0,,
,,Magaly Mcneel,0,0,,
,,Magaly U Mcneel,0,0,,
,,Maire Mair,0,0,,
,,Malcolm Y Bonaparte,0,0,,
,,Malcom Darrah,0,0,,
,,Malcom L Meister,0,0,,
,,Man W Bean,0,0,,
,,Mandy Lavalley,0,0,,
,,Mandy W Lavalley,0,0,,
,,Marcell T Farias,0,0,,
,,Marcella Mapp,0,0,,
,,Marcella Z Mapp,0,0,,
,,Marcellus H Macintyre,0,0,,
,,Marcellus Jalbert,0,0,,
,,Marco J Desilva,0,0,,
,,Marg Dunfee,0,0,,
,,Margarett E Mulford,0,0,,
,,Margarite E Blalock,0,0,,
,,Margarito M Oxendine,0,0,,
,,Margarito O Retana,0,0,,
,,Margarito Retana,0,0,,
,,Marget Dials,0,0,,
,,Margit E Gallion,0,0,,
,,Margit Gallaher,0,0,,
,,Margrett M Confer,1,0,,
,,Mariam F Pinheiro,0,0,,
,,Mariano F Leary,0,0,,
,,Mariano Y Kyles,0,0,,
,,Maricela Pendergrass,0,0,,
,,Marina X Quayle,0,0,,
,,Maris S Briggs,0,0,,
,,Marissa S Hughes,0,0,,
,,Marivel Seiter,0,0,,
,,Mark F Hamman,0,0,,
,,Marketta Candelaria,0,0,,
,,Markus J Lamm,0,0,,
,,Marlana W Zak,0,0,,
,,Marleen R Guyette,0,0,,
,,Marlon M Caddell,0,0,,
,,Marni O Otter,0,0,,
,,Mary Y Tate,0,0,,
,,Maryellen E Zackery,0,0,,
,,Maryellen H Hartness,0,0,,
,,Maryjo Mccloy,0,0,,
,,Maryln H Springfield,0,0,,
,,Marylouise Howland,0,0,,
,,Marylyn K Ditto,0,0,,
,,Marylynn Ealey,0,0,,
,,Marylynn G Ealey,0,0,,
,,Mason Shiflett,0,0,,
,,Mathilda Monty,0,0,,
,,Matt D Bramblett,0,0,,
,,Mauricio I Streets,0,1,,
,,Mauricio U Talty,0,0,,
,,Maximina K Frates,1,1,,
,,Maxwell Azevedo,0,0,,
,,Maxwell H Azevedo,0,0,,
,,Maybelle Rush,0,0,,
,,Mckinley H Scofield,0,0,,
,,Meda I Hayner,0,0,,
,,Mei H Silvera,0,0,,
,,Melida R Corle,0,0,,
,,Mellissa Hembree,0,0,,
,,Mervin E Goering,0,0,,
,,Mervin Goering,0,0,,
,,Meryl B Jude,0,0,,
,,Meryl Gow,0,0,,
,,Meryl I Nau,0,0,,
,,Meryl Nau,0,0,,
,,Mica Z Herzberg,0,0,,
,,Micaela N Buker,1,0,,
,,Micheal F Mcleroy,0,0,,
,,Mickey E Hentges,0,0,,
,,Mickey Hentges,0,0,,
,,Micki R Jauregui,0,0,,
,,Mignon H Ballesteros,0,0,,
,,Mignon Q Dills,0,0,,
,,Miguel P Karp,0,0,,
,,Mika J Rodriquez,0,0,,
,,Mika Rodriquez,0,0,,
,,Mike A Waddington,0,0,,
,,Miles Lambert,0,0,,
,,Miles N Light,0,0,,
,,Millicent G Mangan,0,0,,
,,Millicent Mangan,0,0,,
,,Min X Buckmaster,0,0,,
,,Mina P Shotwell,0,0,,
,,Mina Shotwell,0,0,,
,,Minta J Branham,0,0,,
,,Mirian E Gorman,0,0,,
,,Mirtha Herzig,0,0,,
,,Mirtha X Herzig,0,0,,
,,Misti H Mendenhall,0,0,,
,,Misti Royal,0,0,,
,,Moises U Hughs,0,0,,
,,Molly U Rasch,0,0,,
,,Monte F Mcginn,0,0,,
,,Monty C Hughes,0,0,,
,,Morgan Carriere,0,0,,
,,Morgan K Rathbun,0,0,,
,,Morgan Leonetti,0,0,,
,,Morgan O Carriere,0,0,,
,,Morgan V Leonetti,0,0,,
,,Mose Brucker,0,0,,
,,Mose O Brucker,0,0,,
,,Mumin Yusha,0,0,,
,,Murray D Pennock,0,0,,
,,Myles G Strum,0,0,,
,,Myra H Parra,0,0,,
,,Myron Elsea,0,0,,
,,Myron V Elsea,0,0,,
,,Nadia B Rosner,0,0,,
,,Nancy V Trogdon,0,0,,
,,Nannette Ressler,0,0,,
,,Nannie Z Seeman,0,0,,
,,Narcisa C Rayburn,1,1,,
,,Natasha L Mcelhannon,0,0,,
,,Nathan Avendano,0,0,,
,,Nathan V Avendano,0,0,,
,,Nathanael G Mcmillin,0,0,,
,,Nathanael Halloway,0,0,,
,,Nathanael W Ohl,0,0,,
,,Neil Gebhard,0,0,,
,,Neil V Gebhard,0,0,,
,,Neil Z Stoughton,0,0,,
,,Nelida E Cheeks,0,0,,
,,Nella Mckeown,0,0,,
,,Nelson Dubuc,0,0,,
,,Nelson O Dubuc,0,0,,
,,Neomi P Pitchford,0,0,,
,,Nestor T Ventura,0,0,,
,,Nettie T Mccandless,1,1,,
,,Newton L Cromartie,0,0,,
,,Newton V Scalia,0,0,,
,,Ngoc P Pogue,0,0,,
,,Ngoc X Watson,0,0,,
,,Nicholas B Salcedo,0,0,,
,,Nick Q Packard,0,0,,
,,Nickolas G Grossi,0,0,,
,,Nicola S Bellis,0,0,,
,,Nicolle A Crothers,0,0,,
,,Nigel K Wadsworth,0,0,,
,,Nigel O Sansom,0,0,,
,,Nigel V Dupras,0,0,,
,,Nikia Z Thrasher,0,0,,
,,Nilsa Arambula,0,0,,
,,Noah O Love,0,0,,
,,Noble Sanderson,0,0,,
,,Noel Garon,0,0,,
,,Nolan V Velazco,0,0,,
,,Norris P Ewen,0,0,,
,,Novella B Osman,0,0,,
,,Novella Osman,0,0,,
,,Odette Gorden,0,0,,
,,Olevia U Cartier,0,0,,
,,Oliver Mouzon,0,0,,
,,Omer H Moultrie,0,0,,
,,Ona K Koepp,0,0,,
,,Oren M Mcnabb,1,0,,
,,Oren Mcnabb,1,0,,
,,Orval N Pichardo,0,0,,
,,Orval Olinger,0,0,,
,,Orval Q Olinger,1,0,,
,,Orval Q Schlesinger,0,0,,
,,Orville Marcantel,0,0,,
,,Orville Massey,0,0,,
,,Oscar R Bovee,0,0,,
,,Oswaldo Baumbach,0,0,,
,,Otha Sylvester,0,0,,
,,Otha T Orrell,0,0,,
,,Otto Reilly,0,0,,
,,Palmer O Beamer,0,0,,
,,Pansy Duchesne,0,0,,
,,Pansy F Duchesne,0,0,,
,,Paola R Timberlake,0,0,,
,,Paris U Leite,0,0,,
,,Patria D Riedel,1,1,,
,,Patrick H Gilleland,0,0,,
,,Patty Hosey,0,0,,
,,Paz J Hegwood,0,0,,
,,Perry E Huddleston,0,0,,
,,Perry Outland,0,0,,
,,Pete B Donnelly,0,0,,
,,Petrina B Dampier,0,0,,
,,Petrina Dampier,0,0,,
,,Phil Czarnecki,0,0,,
,,Phil G Czarnecki,0,0,,
,,Phil T Urena,0,0,,
,,Philip Trinidad,0,0,,
,,Philip X Trinidad,0,0,,
,,Phillip Crabill,0,0,,
,,Phyllis Figueredo,0,0,,
,,Porfirio Houghton,0,0,,
,,Porsche Dearing,0,0,,
,,Prince Maloof,0,0,,
,,Providencia Hennings,0,0,,
,,Queenie M Alder,0,0,,
,,Quinn Linneman,0,0,,
,,Rachelle M Burkhead,0,0,,
,,Rafaela Madrid,0,0,,
,,Rafaela N Madrid,0,0,,
,,Raguel Yeager,0,0,,
,,Ramon Heldt,0,0,,
,,Ramona V Hemphill,0,0,,
,,Ramona W Rand,0,0,,
,,Ramonita Z Fincher,0,0,,
,,Randal J Kahle,0,0,,
,,Randal Kahle,0,0,,
,,Randee O Cassity,0,0,,
,,Randee X Blunt,0,0,,
,,Raphael W Kellner,0,0,,
,,Rashida M Durante,0,0,,
,,Raye T Willmon,0,0,,
,,Raymon I Chavarria,0,0,,
,,Raymond U Flavin,0,0,,
,,Raymundo Pecora,1,0,,
,,Reagan H Costas,0,0,,
,,Reanna I Hampton,0,0,,
,,Reatha E Osby,0,0,,
,,Rebeca Kromer,0,0,,
,,Reed O Vella,0,0,,
,,Reed Vella,0,0,,
,,Reggie Cramer,0,0,,
,,Reinaldo Castellanos,0,0,,
,,Reinaldo G Castellanos,1,1,,
,,Renaldo K Cheatham,0,1,,
,,Rene Morel,0,0,,
,,Ressie Goodwyn,0,0,,
,,Ressie I Goodwyn,0,0,,
,,Retha G Nealy,0,0,,
,,Rex K Dion,0,0,,
,,Reyes X Segal,0,0,,
,,Reynalda M Millwood,0,0,,
,,Reynaldo S Service,1,0,,
,,Rhett A Chapple,0,0,,
,,Rhett H Goode,0,0,,
,,Rich Cleek,0,0,,
,,Rich Q Rehberg,0,0,,
,,Rich Rehberg,0,0,,
,,Richard C Truman,0,0,,
,,Richard J Fetter,0,0,,
,,Richelle Haffner,0,0,,
,,Richie I Weisz,0,0,,
,,Rick E Armenta,0,0,,
,,Rick Y Haefner,0,0,,
,,Rickey I Delk,0,0,,
,,Rina L Chacon,0,0,,
,,Rob Spier,0,0,,
,,Robbie N Heckman,0,0,,
,,Robert Ancheta,0,0,,
,,Robert C Ancheta,0,0,,
,,Robert F Trudeau,0,0,,
,,Robert Winsor,0,0,,
,,Roberto A Fresquez,0,0,,
,,Roberto U Derry,0,0,,
,,Robin Z Stewart,0,0,,
,,Rod Catania,0,0,,
,,Rodney Leonardo,0,0,,
,,Rogelio Finnerty,0,0,,
,,Rogelio Ledezma,0,0,,
,,Rolando Womble,0,0,,
,,Ronnie E Swim,0,0,,
,,Ronnie G Gumbs,0,0,,
,,Ronnie H Upton,0,0,,
,,Ronnie Upton,0,0,,
,,Rory Syed,0,0,,
,,Rosa Iler,0,0,,
,,Rosaline H Brenneman,0,0,,
,,Rosalva G Shepley,0,0,,
,,Rosanna D Standley,0,0,,
,,Roscoe Tunney,0,0,,
,,Roselia F Britton,0,0,,
,,Rosella E Marron,0,0,,
,,Rosemarie K Fellows,0,0,,
,,Rosetta Messerly,0,0,,
,,Rosette F Cascio,0,0,,
,,Rosina Gonsalves,0,0,,
,,Ross Imai,0,0,,
,,Rosy U Baumeister,0,0,,
,,Roy W Wilkie,0,0,,
,,Royal U Okeefe,0,0,,
,,Royce K Goodwyn,0,0,,
,,Rozanne N Mielke,0,0,,
,,Rubin Confer,0,0,,
,,Rubin E Confer,0,0,,
,,Ruby B Hare,0,0,,
,,Rueben X Pidgeon,0,0,,
,,Rufus F Furlong,0,0,,
,,Rufus Neufeld,0,0,,
,,Russ I Teed,0,0,,
,,Russ U Belliveau,0,0,,
,,Russel Baumer,0,0,,
,,Rusty Bibby,0,0,,
,,Sal C Heiden,0,0,,
,,Salena I Santillan,0,0,,
,,Salena Santillan,0,0,,
,,Salvatore J Lindell,0,0,,
,,Sam C Limones,0,0,,
,,Sam E Lacey,0,0,,
,,Samantha V Lucky,0,0,,
,,Sammy C Holtzclaw,1,0,,
,,Samuel Dart,0,0,,
,,Sanford Knee,0,0,,
,,Sarita P Schubert,1,0,,
,,Scott D Torrey,1,1,,
,,Scott K Ricco,0,0,,
,,Selma Abram,0,0,,
,,Sena U Delrosario,0,0,,
,,Serina Lingle,0,0,,
,,Seth N Lipsky,0,0,,
,,Seth Willilams,0,0,,
,,Shanelle Z Hick,0,0,,
,,Shannon J Force,0,0,,
,,Shanti F Quirion,0,0,,
,,Shanti P Brinegar,1,0,,
,,Shanti Quirion,0,0,,
,,Shara Millsap,0,0,,
,,Sharda W Choudhury,0,0,,
,,Sharita Y Lombardi,0,0,,
,,Sharlene Klein,0,0,,
,,Sharonda Janzen,0,0,,
,,Sharri Z Gormley,0,0,,
,,Sharyl Y Torian,0,0,,
,,Shasta F Bay,0,0,,
,,Shasta P Depuy,0,0,,
,,Shavon K Wescott,0,0,,
,,Shavonne B Boylan,0,0,,
,,Shavonne Henkle,1,0,,
,,Shawanda Ostlund,0,0,,
,,Shayne T Claytor,0,0,,
,,Sheila F Bergman,0,0,,
,,Shemika D Porterfield,0,0,,
,,Sherise Bledsoe,0,0,,
,,Sherise C Bledsoe,0,0,,
,,Sherlene E Mcdaniel,0,0,,
,,Sherryl B Raker,0,0,,
,,Sherryl Raker,0,0,,
,,Sherwood K Shire,1,0,,
,,Sheryll X Broadbent,0,1,,
,,Shirl M Caraballo,0,0,,
,,Shirley H Mettler,0,0,,
,,Sidney D Amore,0,0,,
,,Silas J Wojcik,0,0,,
,,Silas S Pyatt,0,0,,
,,Silvana V Hendrix,0,0,,
,,Simon G Cromwell,0,0,,
,,Sixta H Jo,0,0,,
,,Sixta Jo,0,0,,
,,Sol Coffman,0,0,,
,,Sol K Roger,1,0,,
,,Solange Landaverde,0,0,,
,,Son D Ricketts,0,0,,
,,Sonny Najar,0,0,,
,,Sophia F Knecht,0,0,,
,,Stacey H Galante,0,0,,
,,Stacy B Kennell,0,0,,
,,Stan I Folks,0,0,,
,,Stan S Watt,0,0,,
,,Stanley Caudill,0,0,,
,,Stanley F Casillas,0,0,,
,,Stanton Y Cavallaro,0,0,,
,,Stasia L Daley,0,0,,
,,Stefanie P Rose,0,0,,
,,Stephan Q Ranger,1,1,,
,,Stephnie Millman,0,0,,
,,Steve S Everette,0,0,,
,,Steven B Daigneault,0,0,,
,,Steven Daigneault,0,0,,
,,Stewart Mazurek,1,1,,
,,Stuart Fullwood,0,0,,
,,Suellen Eoff,0,0,,
,,Sunshine F Earle,0,0,,
,,Susan Barra,0,0,,
,,Susana H Hooks,1,1,,
,,Susana Hooks,0,0,,
,,Susann A Faucett,0,0,,
,,Suzette F Lovejoy,0,0,,
,,Suzette Lovejoy,0,0,,
,,Sydney Trosper,0,0,,
,,Sylvester Harmer,0,0,,
,,Sylvester M Harmer,0,0,,
,,Sylvester Z Blackledge,0,0,,
,,Tad Laster,0,0,,
,,Tad Portillo,0,0,,
,,Tad V Laster,0,0,,
,,Talisha F Nicklas,0,0,,
,,Tamera Balser,1,0,,
,,Tamesha I Knepper,0,0,,
,,Tamica J Holoman,0,0,,
,,Tammi S Garret,0,0,,
,,Tammy Staples,0,0,,
,,Tammy Z Lorentz,0,0,,
,,Taneka Q Church,1,1,,
,,Tanner Y Hollenbeck,0,0,,
,,Tawanda E Buchanon,0,0,,
,,Taylor O Thill,0,0,,
,,Taylor Thill,1,1,,
,,Tayna L Covarrubias,0,0,,
,,Teddy Kleinschmidt,0,0,,
,,Tempie Peralta,0,0,,
,,Terra D Routh,0,0,,
,,Terra Routh,0,0,,
,,Terrance E Schiefelbein,0,0,,
,,Terrell J Leader,0,0,,
,,Terrell Leader,0,0,,
,,Theda Timothy,0,0,,
,,Theresa Fitzmaurice,0,0,,
,,Theresa R Fitzmaurice,0,0,,
,,Therese Q Belden,1,1,,
,,Theron T Kramer,0,0,,
,,Thomas B Felipe,0,0,,
,,Thomas H Huang,0,0,,
,,Thora Vanhook,0,0,,
,,Thurman T Caceres,0,0,,
,,Tiffaney A Schoenberg,0,0,,
,,Tiffaney Schoenberg,0,0,,
,,Tim N Schueller,0,0,,
,,Tim U Kornegay,0,0,,
,,Timmy I Poteat,0,0,,
,,Timmy Kitchens,0,0,,
,,Tinisha V Vince,0,0,,
,,Tiny Llanos,0,0,,
,,Tiny Q Llanos,1,1,,
,,Tiny Z Oliveri,0,0,,
,,Titus Eide,0,0,,
,,Toby Riles,0,0,,
,,Tod Rene,0,0,,
,,Toi F Stallard,0,0,,
,,Tomas V Krout,0,0,,
,,Tommie S Fargo,0,0,,
,,Tommy I Meadows,0,0,,
,,Tona S Huseby,0,0,,
,,Toney Buffum,0,0,,
,,Toney O Gentle,1,0,,
,,Toney W Bollman,1,1,,
,,Tonia Silvis,0,0,,
,,Tonia X Silvis,0,0,,
,,Tonja E Lenahan,0,0,,
,,Tonja Lenahan,0,0,,
,,Tony E Keough,0,0,,
,,Tony Keough,0,0,,
,,Towanda H Matson,0,0,,
,,Toya B Rawlins,1,1,,
,,Tracey Lapinski,0,0,,
,,Tracie J Winebarger,0,0,,
,,Trent J Lockman,0,0,,
,,Tressa Q Standard,0,0,,
,,Tressa Standard,0,0,,
,,Trey Kaiser,0,0,,
,,Tristan L Cockrell,0,0,,
,,Tristan M Brackett,0,0,,
,,Troy J Higbee,0,0,,
,,Troy Michalski,0,0,,
,,Tuan L Rhymes,0,0,,
,,Tyler D Galindo,0,0,,
,,Tyler Galindo,0,0,,
,,Tyler N Larkins,0,0,,
,,Tyree W Linden,0,0,,
,,Tyrell R Bramlett,0,0,,
,,Tyson High,0,0,,
,,Ula W Hartl,0,0,,
,,Ulysses S Abate,0,0,,
,,Un Zebrowski,0,0,,
,,Ute Outen,0,0,,
,,Valarie O Gorecki,0,0,,
,,Valencia M Cuffee,0,0,,
,,Valene R Yost,0,0,,
,,Valene Yost,0,0,,
,,Valene Z Woodmansee,1,1,,
,,Valentin Escoto,0,0,,
,,Valentin T Dearborn,0,0,,
,,Valentine Gibbon,0,0,,
,,Valeria Fang,0,0,,
,,Van E Broadbent,0,0,,
,,Van T Dotson,0,0,,
,,Vance Kuss,0,0,,
,,Vasiliki E Thoman,0,0,,
,,Vasiliki Thoman,0,0,,
,,Vaughn Garica,1,1,,
,,Vaughn N Garica,0,0,,
,,Velda V Larue,0,0,,
,,Verla H Contreras,0,0,,
,,Vern T Lomeli,0,0,,
,,Vernell X Amado,1,1,,
,,Verona H Brobst,0,0,,
,,Veronica I Mower,0,0,,
,,Vicki V Broussard,0,0,,
,,Vicki Y Hargrave,0,0,,
,,Victor Helmuth,0,0,,
,,Victoria H Musson,0,0,,
,,Vikki N Lezama,1,0,,
,,Vincent N Lennon,0,0,,
,,Vincenzo Rentschler,0,0,,
,,Vinita E Chamber,0,0,,
,,Violet L Ertel,1,0,,
,,Virgil R Yuen,0,0,,
,,Vivienne X Binion,0,0,,
,,Voncile P Trojanowski,0,0,,
,,Vonda U Mckinnis,0,0,,
,,Waldo Witmer,0,0,,
,,Walter B Mcmorrow,0,0,,
,,Walter H Hargreaves,0,0,,
,,Walter R Seddon,0,0,,
,,Walton S Keim,1,1,,
,,Walton U Kapoor,0,0,,
,,Warner I Manly,0,0,,
,,Warren L Manion,0,0,,
,,Waylon Z Curtsinger,0,0,,
,,Wendolyn Riddle,0,0,,
,,Whitney N Wasinger,0,0,,
,,Wiley U Maske,0,0,,
,,Wilfred Honore,0,0,,
,,Wilhelmina Y Keaney,0,0,,
,,Willia Vath,1,0,,
,,William B Mcnerney,0,0,,
,,Williams Timko,0,0,,
,,Willian Zeringue,0,0,,
,,Willis D Weissman,0,0,,
,,Wilton Florence,0,0,,
,,Windy A Dudek,1,0,,
,,Windy Dudek,0,0,,
,,Windy Pharr,0,0,,
,,Windy S Pharr,0,0,,
,,Windy Valadez,0,0,,
,,Winona Slape,0,0,,
,,Wm S Goldschmidt,1,0,,
,,Xochitl Hogan,0,0,,
,,Xochitl Luse,0,0,,
,,Yong Ramsey,0,0,,
,,Young Rueb,0,0,,
,,Young W Funes,0,0,,
,,Yung G Booher,0,0,,
,,Yvone Seay,0,0,,
,,Zachary Haugland,0,0,,
,,Zachary S Velasquez,0,0,,
,,Zachary U Breeden,0,0,,
,,Zachary Velasquez,0,0,,
,,Zachery Barna,0,0,,
,,Zack H Mumaw,0,0,,
,,Zackary G Parkins,0,0,,
,,Zana G Ordonez,0,0,,
,,Zane J Hurdle,0,0,,
,,Zella Renn,0,0,,
,,Zenia D Owings,0,0,,
,,Zoila X Nair,0,0,,
